{
    "configuration": {
        "task": {
            "name": "math500",
            "config": {
                "handler": "math",
                "dataset_path": "qq8933/MATH500",
                "dataset_subset": null,
                "dataset_split": "test",
                "dataset_kwargs": {},
                "question_key": "problem",
                "answer_key": "answer",
                "templating_parameters": {
                    "template": "Solve the following math problem efficiently and clearly.  The last line of your response should be of the following format: 'Therefore, the final answer is: $\\boxed{{ANSWER}}$. I hope it is correct' (without quotes) where ANSWER is just the final number or expression that solves the problem. Think step by step before answering.\n\nProblem: {problem}"
                },
                "preprocess_config": {}
            },
            "start": 0,
            "end": -1
        },
        "model": {
            "name": "/share/zhangxiaojiang/project/r1/ckp/CODE_MATH_R1_Zero/32B_code_math_22nodes_0322_final/hf_models/iter_220",
            "config": {
                "model_id": "/share/zhangxiaojiang/project/r1/ckp/CODE_MATH_R1_Zero/32B_code_math_22nodes_0322_final/hf_models/iter_220",
                "name": "iter_220",
                "system_prompt": null,
                "user_template": null,
                "assistant_prefill": null
            }
        },
        "backend": {
            "name": "vllm",
            "backend_args": {
                "tensor_parallel_size": 2
            }
        },
        "sampling_params": {
            "temperature": 0.6,
            "top_p": 0.95,
            "max_tokens": 32768,
            "seed": 999741
        }
    },
    "total_completion_tokens": 306226,
    "avg_completion_tokens": 612.452,
    "total_prompt_tokens": 71940,
    "avg_prompt_tokens": 143.88,
    "accuracy": 0.852,
    "pass_at_k": null
}