{
    "configuration": {
        "task": {
            "name": "livecodebench",
            "config": {
                "handler": "livecodebench",
                "dataset_path": "livecodebench/code_generation_lite",
                "dataset_subset": "new",
                "dataset_split": "test",
                "dataset_kwargs": {
                    "version_tag": "release_v2",
                    "trust_remote_code": true
                },
                "question_key": "task_id",
                "answer_key": null,
                "templating_parameters": {
                    "stdin_template": "A conversation between User and Assistant. The user asks a question, and the Assistant solves it. The assistant first thinks about the reasoning process in the mind and then provides the user with the answer. The reasoning process and answer are enclosed within <think> </think> and <answer> </answer> tags, respectively, i.e., <think> reasoning process here </think> <answer> answer here </answer>. <|User|> You will be given a question (problem specification) and will generate a correct Python program that matches the specification and passes all tests.\n\nQuestion: {prompt}\n\nRead the inputs from stdin solve the problem and write the answer to stdout (do not directly test on the sample inputs). Enclose your code within delimiters as follows. Ensure that when the python program runs, it reads the inputs, runs the algorithm and writes output to STDOUT.```python\n# YOUR CODE HERE\n```\n\n<|Assistant|>",
                    "non_stdin_template": "A conversation between User and Assistant. The user asks a question, and the Assistant solves it. The assistant first thinks about the reasoning process in the mind and then provides the user with the answer. The reasoning process and answer are enclosed within <think> </think> and <answer> </answer> tags, respectively, i.e., <think> reasoning process here </think> <answer> answer here </answer>. <|User|> You will be given a question (problem specification) and will generate a correct Python program that matches the specification and passes all tests.\n\nQuestion: {prompt}\n\nYou will use the following starter code to write the solution to the problem and enclose your code within delimiters.```python\n{entry_point}\n```\n\n<|Assistant|>"
                },
                "preprocess_config": {}
            },
            "start": 0,
            "end": -1
        },
        "model": {
            "name": "/share/zhangxiaojiang/project/r1/ckp/CODE_MATH_R1_Zero/32B_code_math_22nodes_0322_final/hf_models/iter_220",
            "config": {
                "model_id": "/share/zhangxiaojiang/project/r1/ckp/CODE_MATH_R1_Zero/32B_code_math_22nodes_0322_final/hf_models/iter_220",
                "name": "iter_220",
                "system_prompt": null,
                "user_template": null,
                "assistant_prefill": null
            }
        },
        "backend": {
            "name": "vllm",
            "backend_args": {
                "tensor_parallel_size": 2
            }
        },
        "sampling_params": {
            "temperature": 0.6,
            "top_p": 0.95,
            "max_tokens": 32768,
            "seed": 71908
        }
    },
    "total_completion_tokens": 131137,
    "avg_completion_tokens": 470.025,
    "total_prompt_tokens": 188228,
    "avg_prompt_tokens": 674.652,
    "accuracy": 0.3548,
    "pass_at_k": null
}