{
    "configuration": {
        "task": {
            "name": "gpqa_diamond",
            "config": {
                "handler": "gpqa_diamond",
                "dataset_path": "Idavidrein/gpqa",
                "dataset_subset": "gpqa_diamond",
                "dataset_split": "train",
                "dataset_kwargs": {},
                "question_key": "Question",
                "answer_key": "Answer",
                "templating_parameters": {
                    "template": "Answer the following multiple choice question. The last line of your response should be of the following format: 'Answer: $LETTER' (without quotes) where LETTER is one of ABCD. Think step by step before answering.\n\n{prompt}"
                },
                "preprocess_config": {}
            },
            "start": 0,
            "end": -1
        },
        "model": {
            "name": "/share/zhangxiaojiang/project/r1/ckp/CODE_MATH_R1_Zero/32B_code_math_22nodes_0322_final/hf_models/iter_220",
            "config": {
                "model_id": "/share/zhangxiaojiang/project/r1/ckp/CODE_MATH_R1_Zero/32B_code_math_22nodes_0322_final/hf_models/iter_220",
                "name": "iter_220",
                "system_prompt": null,
                "user_template": null,
                "assistant_prefill": null
            }
        },
        "backend": {
            "name": "vllm",
            "backend_args": {
                "tensor_parallel_size": 2
            }
        },
        "sampling_params": {
            "temperature": 0.6,
            "top_p": 0.95,
            "max_tokens": 32768,
            "seed": 546484
        }
    },
    "total_completion_tokens": 148244,
    "avg_completion_tokens": 748.707,
    "total_prompt_tokens": 52588,
    "avg_prompt_tokens": 265.596,
    "accuracy": 0.4899,
    "pass_at_k": null
}